"","long","lat","order","hole","piece","id","group"
"1",127.06170654,37.6540947,1,FALSE,"1","Dobong","Dobong.1"
"2",127.06161499,37.6434021,2,FALSE,"1","Dobong","Dobong.1"
"3",127.06668091,37.63531494,3,FALSE,"1","Dobong","Dobong.1"
"4",127.06750488,37.62768555,4,FALSE,"1","Dobong","Dobong.1"
"5",127.06689453,37.6217041,5,FALSE,"1","Dobong","Dobong.1"
"6",127.06378174,37.61288452,6,FALSE,"1","Dobong","Dobong.1"
"7",127.0559082,37.60968018,7,FALSE,"1","Dobong","Dobong.1"
"8",127.04888916,37.61468506,8,FALSE,"1","Dobong","Dobong.1"
"9",127.04351807,37.61871338,9,FALSE,"1","Dobong","Dobong.1"
"10",127.03729248,37.6229248,10,FALSE,"1","Dobong","Dobong.1"
"11",127.03131104,37.62628174,11,FALSE,"1","Dobong","Dobong.1"
"12",127.02508545,37.62731934,12,FALSE,"1","Dobong","Dobong.1"
"13",127.0189209,37.63092041,13,FALSE,"1","Dobong","Dobong.1"
"14",127.01367188,37.63592529,14,FALSE,"1","Dobong","Dobong.1"
"15",127.01330566,37.64752197,15,FALSE,"1","Dobong","Dobong.1"
"16",127.01010895,37.65684128,16,FALSE,"1","Dobong","Dobong.1"
"17",127.01611328,37.66308594,17,FALSE,"1","Dobong","Dobong.1"
"18",127.02209473,37.66491699,18,FALSE,"1","Dobong","Dobong.1"
"19",127.03607178,37.66271973,19,FALSE,"1","Dobong","Dobong.1"
"20",127.04708862,37.66119385,20,FALSE,"1","Dobong","Dobong.1"
"21",127.05597687,37.65949249,21,FALSE,"1","Dobong","Dobong.1"
"22",127.06170654,37.6540947,22,FALSE,"1","Dobong","Dobong.1"
"23",127.09337616,37.54732513,23,FALSE,"1","Dong-daemun","Dong-daemun.1"
"24",127.08879089,37.54069901,24,FALSE,"1","Dong-daemun","Dong-daemun.1"
"25",127.08008575,37.54149628,25,FALSE,"1","Dong-daemun","Dong-daemun.1"
"26",127.07022095,37.54376221,26,FALSE,"1","Dong-daemun","Dong-daemun.1"
"27",127.0593338,37.54821777,27,FALSE,"1","Dong-daemun","Dong-daemun.1"
"28",127.04966736,37.55158234,28,FALSE,"1","Dong-daemun","Dong-daemun.1"
"29",127.04108429,37.55099487,29,FALSE,"1","Dong-daemun","Dong-daemun.1"
"30",127.03115082,37.55181885,30,FALSE,"1","Dong-daemun","Dong-daemun.1"
"31",127.03190613,37.56025314,31,FALSE,"1","Dong-daemun","Dong-daemun.1"
"32",127.03765106,37.56622314,32,FALSE,"1","Dong-daemun","Dong-daemun.1"
"33",127.04498291,37.56919098,33,FALSE,"1","Dong-daemun","Dong-daemun.1"
"34",127.05250549,37.57183456,34,FALSE,"1","Dong-daemun","Dong-daemun.1"
"35",127.05947876,37.57740402,35,FALSE,"1","Dong-daemun","Dong-daemun.1"
"36",127.07067108,37.58140182,36,FALSE,"1","Dong-daemun","Dong-daemun.1"
"37",127.07831573,37.58230209,37,FALSE,"1","Dong-daemun","Dong-daemun.1"
"38",127.08695221,37.58161926,38,FALSE,"1","Dong-daemun","Dong-daemun.1"
"39",127.090271,37.57111359,39,FALSE,"1","Dong-daemun","Dong-daemun.1"
"40",127.09230042,37.56175613,40,FALSE,"1","Dong-daemun","Dong-daemun.1"
"41",127.09384155,37.55413055,41,FALSE,"1","Dong-daemun","Dong-daemun.1"
"42",127.09337616,37.54732513,42,FALSE,"1","Dong-daemun","Dong-daemun.1"
"43",126.95985413,37.49279404,43,FALSE,"1","Dongjak","Dongjak.1"
"44",126.96728516,37.48828125,44,FALSE,"1","Dongjak","Dongjak.1"
"45",126.97088623,37.4810791,45,FALSE,"1","Dongjak","Dongjak.1"
"46",126.96789551,37.47387695,46,FALSE,"1","Dongjak","Dongjak.1"
"47",126.96523285,37.46474075,47,FALSE,"1","Dongjak","Dongjak.1"
"48",126.95617676,37.46170044,48,FALSE,"1","Dongjak","Dongjak.1"
"49",126.94787598,37.46569824,49,FALSE,"1","Dongjak","Dongjak.1"
"50",126.94329834,37.4744873,50,FALSE,"1","Dongjak","Dongjak.1"
"51",126.93499756,37.47970581,51,FALSE,"1","Dongjak","Dongjak.1"
"52",126.91333008,37.4810791,52,FALSE,"1","Dongjak","Dongjak.1"
"53",126.90570068,37.47842407,53,FALSE,"1","Dongjak","Dongjak.1"
"54",126.89752197,37.47607422,54,FALSE,"1","Dongjak","Dongjak.1"
"55",126.89028931,37.47330475,55,FALSE,"1","Dongjak","Dongjak.1"
"56",126.89129639,37.47930908,56,FALSE,"1","Dongjak","Dongjak.1"
"57",126.89752197,37.4821167,57,FALSE,"1","Dongjak","Dongjak.1"
"58",126.90307617,37.48529053,58,FALSE,"1","Dongjak","Dongjak.1"
"59",126.90612793,37.49627686,59,FALSE,"1","Dongjak","Dongjak.1"
"60",126.91070557,37.50231934,60,FALSE,"1","Dongjak","Dongjak.1"
"61",126.91711426,37.50598145,61,FALSE,"1","Dongjak","Dongjak.1"
"62",126.92917633,37.50697708,62,FALSE,"1","Dongjak","Dongjak.1"
"63",126.93609619,37.50488281,63,FALSE,"1","Dongjak","Dongjak.1"
"64",126.94348145,37.49932861,64,FALSE,"1","Dongjak","Dongjak.1"
"65",126.95147705,37.49511719,65,FALSE,"1","Dongjak","Dongjak.1"
"66",126.95985413,37.49279404,66,FALSE,"1","Dongjak","Dongjak.1"
"67",126.94369507,37.59165955,67,FALSE,"1","Eun-pyeong","Eun-pyeong.1"
"68",126.93707275,37.59031296,68,FALSE,"1","Eun-pyeong","Eun-pyeong.1"
"69",126.93167877,37.58566666,69,FALSE,"1","Eun-pyeong","Eun-pyeong.1"
"70",126.92546082,37.58267975,70,FALSE,"1","Eun-pyeong","Eun-pyeong.1"
"71",126.91847229,37.58029556,71,FALSE,"1","Eun-pyeong","Eun-pyeong.1"
"72",126.91387939,37.57671738,72,FALSE,"1","Eun-pyeong","Eun-pyeong.1"
"73",126.90596008,37.57628632,73,FALSE,"1","Eun-pyeong","Eun-pyeong.1"
"74",126.89474487,37.57577515,74,FALSE,"1","Eun-pyeong","Eun-pyeong.1"
"75",126.8899765,37.57265472,75,FALSE,"1","Eun-pyeong","Eun-pyeong.1"
"76",126.88553619,37.56853485,76,FALSE,"1","Eun-pyeong","Eun-pyeong.1"
"77",126.87711334,37.57316208,77,FALSE,"1","Eun-pyeong","Eun-pyeong.1"
"78",126.88751221,37.58752441,78,FALSE,"1","Eun-pyeong","Eun-pyeong.1"
"79",126.89208984,37.59649658,79,FALSE,"1","Eun-pyeong","Eun-pyeong.1"
"80",126.8961792,37.60787964,80,FALSE,"1","Eun-pyeong","Eun-pyeong.1"
"81",126.90008545,37.61608887,81,FALSE,"1","Eun-pyeong","Eun-pyeong.1"
"82",126.90393066,37.62207031,82,FALSE,"1","Eun-pyeong","Eun-pyeong.1"
"83",126.909729,37.62548828,83,FALSE,"1","Eun-pyeong","Eun-pyeong.1"
"84",126.91772461,37.62750244,84,FALSE,"1","Eun-pyeong","Eun-pyeong.1"
"85",126.92327881,37.62927246,85,FALSE,"1","Eun-pyeong","Eun-pyeong.1"
"86",126.93109131,37.63128662,86,FALSE,"1","Eun-pyeong","Eun-pyeong.1"
"87",126.9387207,37.63311768,87,FALSE,"1","Eun-pyeong","Eun-pyeong.1"
"88",126.94512939,37.63330078,88,FALSE,"1","Eun-pyeong","Eun-pyeong.1"
"89",126.95147705,37.63330078,89,FALSE,"1","Eun-pyeong","Eun-pyeong.1"
"90",126.96590424,37.63212204,90,FALSE,"1","Eun-pyeong","Eun-pyeong.1"
"91",126.96138,37.61870193,91,FALSE,"1","Eun-pyeong","Eun-pyeong.1"
"92",126.95223999,37.61150742,92,FALSE,"1","Eun-pyeong","Eun-pyeong.1"
"93",126.94873047,37.60664368,93,FALSE,"1","Eun-pyeong","Eun-pyeong.1"
"94",126.94369507,37.59165955,94,FALSE,"1","Eun-pyeong","Eun-pyeong.1"
"95",127.1437149,37.48347855,95,FALSE,"1","Gandong","Gandong.1"
"96",127.13944244,37.48714828,96,FALSE,"1","Gandong","Gandong.1"
"97",127.13349152,37.49271393,97,FALSE,"1","Gandong","Gandong.1"
"98",127.12998199,37.50387955,98,FALSE,"1","Gandong","Gandong.1"
"99",127.13059235,37.51376724,99,FALSE,"1","Gandong","Gandong.1"
"100",127.12828827,37.51901627,100,FALSE,"1","Gandong","Gandong.1"
"101",127.12884521,37.52698135,101,FALSE,"1","Gandong","Gandong.1"
"102",127.13057709,37.53364944,102,FALSE,"1","Gandong","Gandong.1"
"103",127.13788605,37.53646469,103,FALSE,"1","Gandong","Gandong.1"
"104",127.14945984,37.53629684,104,FALSE,"1","Gandong","Gandong.1"
"105",127.15710449,37.53501892,105,FALSE,"1","Gandong","Gandong.1"
"106",127.16244507,37.53081131,106,FALSE,"1","Gandong","Gandong.1"
"107",127.1685257,37.52482986,107,FALSE,"1","Gandong","Gandong.1"
"108",127.17089081,37.51730347,108,FALSE,"1","Gandong","Gandong.1"
"109",127.16420746,37.50970078,109,FALSE,"1","Gandong","Gandong.1"
"110",127.15834045,37.50506973,110,FALSE,"1","Gandong","Gandong.1"
"111",127.15151978,37.50005722,111,FALSE,"1","Gandong","Gandong.1"
"112",127.14503479,37.49461746,112,FALSE,"1","Gandong","Gandong.1"
"113",127.14624786,37.48863602,113,FALSE,"1","Gandong","Gandong.1"
"114",127.1437149,37.48347855,114,FALSE,"1","Gandong","Gandong.1"
"115",127.0559082,37.60968018,115,FALSE,"1","Gangbuk","Gangbuk.1"
"116",127.06082916,37.60247803,116,FALSE,"1","Gangbuk","Gangbuk.1"
"117",127.05450439,37.59490967,117,FALSE,"1","Gangbuk","Gangbuk.1"
"118",127.04907227,37.5916748,118,FALSE,"1","Gangbuk","Gangbuk.1"
"119",127.02368164,37.5925293,119,FALSE,"1","Gangbuk","Gangbuk.1"
"120",127.01947021,37.59667969,120,FALSE,"1","Gangbuk","Gangbuk.1"
"121",127.01498413,37.60418701,121,FALSE,"1","Gangbuk","Gangbuk.1"
"122",127.00628662,37.60931396,122,FALSE,"1","Gangbuk","Gangbuk.1"
"123",126.99969482,37.6126709,123,FALSE,"1","Gangbuk","Gangbuk.1"
"124",126.99353027,37.6149292,124,FALSE,"1","Gangbuk","Gangbuk.1"
"125",126.98610687,37.61923981,125,FALSE,"1","Gangbuk","Gangbuk.1"
"126",126.97914124,37.61663818,126,FALSE,"1","Gangbuk","Gangbuk.1"
"127",126.97174835,37.6172142,127,FALSE,"1","Gangbuk","Gangbuk.1"
"128",126.96138,37.61870193,128,FALSE,"1","Gangbuk","Gangbuk.1"
"129",126.96590424,37.63212204,129,FALSE,"1","Gangbuk","Gangbuk.1"
"130",126.97827148,37.63867188,130,FALSE,"1","Gangbuk","Gangbuk.1"
"131",126.98575592,37.64121246,131,FALSE,"1","Gangbuk","Gangbuk.1"
"132",126.99230957,37.64709473,132,FALSE,"1","Gangbuk","Gangbuk.1"
"133",126.99591064,37.65228271,133,FALSE,"1","Gangbuk","Gangbuk.1"
"134",127.00268555,37.65447998,134,FALSE,"1","Gangbuk","Gangbuk.1"
"135",127.01010895,37.65684128,135,FALSE,"1","Gangbuk","Gangbuk.1"
"136",127.01330566,37.64752197,136,FALSE,"1","Gangbuk","Gangbuk.1"
"137",127.01367188,37.63592529,137,FALSE,"1","Gangbuk","Gangbuk.1"
"138",127.0189209,37.63092041,138,FALSE,"1","Gangbuk","Gangbuk.1"
"139",127.02508545,37.62731934,139,FALSE,"1","Gangbuk","Gangbuk.1"
"140",127.03131104,37.62628174,140,FALSE,"1","Gangbuk","Gangbuk.1"
"141",127.03729248,37.6229248,141,FALSE,"1","Gangbuk","Gangbuk.1"
"142",127.04351807,37.61871338,142,FALSE,"1","Gangbuk","Gangbuk.1"
"143",127.04888916,37.61468506,143,FALSE,"1","Gangbuk","Gangbuk.1"
"144",127.0559082,37.60968018,144,FALSE,"1","Gangbuk","Gangbuk.1"
"145",127.0786438,37.50276947,145,FALSE,"1","Gangnam","Gangnam.1"
"146",127.07785797,37.48666382,146,FALSE,"1","Gangnam","Gangnam.1"
"147",127.08169556,37.48106766,147,FALSE,"1","Gangnam","Gangnam.1"
"148",127.08708954,37.4764595,148,FALSE,"1","Gangnam","Gangnam.1"
"149",127.09203339,37.47288132,149,FALSE,"1","Gangnam","Gangnam.1"
"150",127.09812927,37.47008896,150,FALSE,"1","Gangnam","Gangnam.1"
"151",127.10595703,37.46375656,151,FALSE,"1","Gangnam","Gangnam.1"
"152",127.11309052,37.45507431,152,FALSE,"1","Gangnam","Gangnam.1"
"153",127.11627197,37.44669342,153,FALSE,"1","Gangnam","Gangnam.1"
"154",127.12030792,37.44124985,154,FALSE,"1","Gangnam","Gangnam.1"
"155",127.12480927,37.43700409,155,FALSE,"1","Gangnam","Gangnam.1"
"156",127.12974548,37.43190384,156,FALSE,"1","Gangnam","Gangnam.1"
"157",127.12249756,37.42828369,157,FALSE,"1","Gangnam","Gangnam.1"
"158",127.11688232,37.42749023,158,FALSE,"1","Gangnam","Gangnam.1"
"159",127.11090088,37.42810059,159,FALSE,"1","Gangnam","Gangnam.1"
"160",127.10308838,37.42852783,160,FALSE,"1","Gangnam","Gangnam.1"
"161",127.09417725,37.42881393,161,FALSE,"1","Gangnam","Gangnam.1"
"162",127.0916748,37.43371582,162,FALSE,"1","Gangnam","Gangnam.1"
"163",127.08630371,37.43768311,163,FALSE,"1","Gangnam","Gangnam.1"
"164",127.08190918,37.44711304,164,FALSE,"1","Gangnam","Gangnam.1"
"165",127.07147217,37.44927979,165,FALSE,"1","Gangnam","Gangnam.1"
"166",127.06408691,37.4453125,166,FALSE,"1","Gangnam","Gangnam.1"
"167",127.05767822,37.44488525,167,FALSE,"1","Gangnam","Gangnam.1"
"168",127.05047607,37.44592285,168,FALSE,"1","Gangnam","Gangnam.1"
"169",127.04827881,37.45129395,169,FALSE,"1","Gangnam","Gangnam.1"
"170",127.04669189,37.45977783,170,FALSE,"1","Gangnam","Gangnam.1"
"171",127.04168701,37.46588135,171,FALSE,"1","Gangnam","Gangnam.1"
"172",127.03381348,37.46929932,172,FALSE,"1","Gangnam","Gangnam.1"
"173",127.02630615,37.47412109,173,FALSE,"1","Gangnam","Gangnam.1"
"174",127.02410889,37.48052979,174,FALSE,"1","Gangnam","Gangnam.1"
"175",127.02261353,37.48727417,175,FALSE,"1","Gangnam","Gangnam.1"
"176",127.01751709,37.49371338,176,FALSE,"1","Gangnam","Gangnam.1"
"177",127.01611328,37.50012207,177,FALSE,"1","Gangnam","Gangnam.1"
"178",127.00927734,37.50751495,178,FALSE,"1","Gangnam","Gangnam.1"
"179",127.01969147,37.51408768,179,FALSE,"1","Gangnam","Gangnam.1"
"180",127.03257751,37.51455688,180,FALSE,"1","Gangnam","Gangnam.1"
"181",127.04209137,37.51390457,181,FALSE,"1","Gangnam","Gangnam.1"
"182",127.04931641,37.51232147,182,FALSE,"1","Gangnam","Gangnam.1"
"183",127.0555191,37.51023865,183,FALSE,"1","Gangnam","Gangnam.1"
"184",127.06153107,37.50791168,184,FALSE,"1","Gangnam","Gangnam.1"
"185",127.07087708,37.5063324,185,FALSE,"1","Gangnam","Gangnam.1"
"186",127.0786438,37.50276947,186,FALSE,"1","Gangnam","Gangnam.1"
"187",126.8626709,37.53271484,187,FALSE,"1","Gangseo","Gangseo.1"
"188",126.85379028,37.53317261,188,FALSE,"1","Gangseo","Gangseo.1"
"189",126.84997559,37.52560425,189,FALSE,"1","Gangseo","Gangseo.1"
"190",126.84588623,37.51831055,190,FALSE,"1","Gangseo","Gangseo.1"
"191",126.83831787,37.51550293,191,FALSE,"1","Gangseo","Gangseo.1"
"192",126.83209229,37.51611328,192,FALSE,"1","Gangseo","Gangseo.1"
"193",126.82620239,37.52108765,193,FALSE,"1","Gangseo","Gangseo.1"
"194",126.81529999,37.51999664,194,FALSE,"1","Gangseo","Gangseo.1"
"195",126.80548096,37.51672363,195,FALSE,"1","Gangseo","Gangseo.1"
"196",126.79931641,37.51568604,196,FALSE,"1","Gangseo","Gangseo.1"
"197",126.79379272,37.51077271,197,FALSE,"1","Gangseo","Gangseo.1"
"198",126.7875061,37.51339722,198,FALSE,"1","Gangseo","Gangseo.1"
"199",126.77789307,37.51568604,199,FALSE,"1","Gangseo","Gangseo.1"
"200",126.76985931,37.51542282,200,FALSE,"1","Gangseo","Gangseo.1"
"201",126.77854919,37.53114319,201,FALSE,"1","Gangseo","Gangseo.1"
"202",126.78369141,37.53887939,202,FALSE,"1","Gangseo","Gangseo.1"
"203",126.78849792,37.54649353,203,FALSE,"1","Gangseo","Gangseo.1"
"204",126.79168701,37.55389404,204,FALSE,"1","Gangseo","Gangseo.1"
"205",126.79327393,37.56030273,205,FALSE,"1","Gangseo","Gangseo.1"
"206",126.79907227,37.56292725,206,FALSE,"1","Gangseo","Gangseo.1"
"207",126.80627441,37.56652832,207,FALSE,"1","Gangseo","Gangseo.1"
"208",126.81240845,37.57330322,208,FALSE,"1","Gangseo","Gangseo.1"
"209",126.81829834,37.5769043,209,FALSE,"1","Gangseo","Gangseo.1"
"210",126.82348633,37.58068848,210,FALSE,"1","Gangseo","Gangseo.1"
"211",126.82867432,37.5769043,211,FALSE,"1","Gangseo","Gangseo.1"
"212",126.8348999,37.57507324,212,FALSE,"1","Gangseo","Gangseo.1"
"213",126.84289551,37.57128906,213,FALSE,"1","Gangseo","Gangseo.1"
"214",126.85107422,37.56848145,214,FALSE,"1","Gangseo","Gangseo.1"
"215",126.84490967,37.56170654,215,FALSE,"1","Gangseo","Gangseo.1"
"216",126.84228516,37.5559082,216,FALSE,"1","Gangseo","Gangseo.1"
"217",126.84631348,37.55133057,217,FALSE,"1","Gangseo","Gangseo.1"
"218",126.84967041,37.54650879,218,FALSE,"1","Gangseo","Gangseo.1"
"219",126.855896,37.54248047,219,FALSE,"1","Gangseo","Gangseo.1"
"220",126.86132813,37.53833008,220,FALSE,"1","Gangseo","Gangseo.1"
"221",126.8626709,37.53271484,221,FALSE,"1","Gangseo","Gangseo.1"
"222",126.89028931,37.47330475,222,FALSE,"1","Geum-cheon","Geum-cheon.1"
"223",126.89551544,37.46904373,223,FALSE,"1","Geum-cheon","Geum-cheon.1"
"224",126.89822388,37.46025467,224,FALSE,"1","Geum-cheon","Geum-cheon.1"
"225",126.90105438,37.45004654,225,FALSE,"1","Geum-cheon","Geum-cheon.1"
"226",126.90785217,37.44306564,226,FALSE,"1","Geum-cheon","Geum-cheon.1"
"227",126.91203308,37.43706512,227,FALSE,"1","Geum-cheon","Geum-cheon.1"
"228",126.90575409,37.4370079,228,FALSE,"1","Geum-cheon","Geum-cheon.1"
"229",126.89618683,37.43832779,229,FALSE,"1","Geum-cheon","Geum-cheon.1"
"230",126.88923645,37.44088364,230,FALSE,"1","Geum-cheon","Geum-cheon.1"
"231",126.88240051,37.44649506,231,FALSE,"1","Geum-cheon","Geum-cheon.1"
"232",126.87643433,37.45090485,232,FALSE,"1","Geum-cheon","Geum-cheon.1"
"233",126.86969757,37.45543289,233,FALSE,"1","Geum-cheon","Geum-cheon.1"
"234",126.865242,37.46246719,234,FALSE,"1","Geum-cheon","Geum-cheon.1"
"235",126.86094666,37.47257233,235,FALSE,"1","Geum-cheon","Geum-cheon.1"
"236",126.86766052,37.47381973,236,FALSE,"1","Geum-cheon","Geum-cheon.1"
"237",126.87524414,37.47388458,237,FALSE,"1","Geum-cheon","Geum-cheon.1"
"238",126.88105774,37.47653198,238,FALSE,"1","Geum-cheon","Geum-cheon.1"
"239",126.89028931,37.47330475,239,FALSE,"1","Geum-cheon","Geum-cheon.1"
"240",126.82104492,37.46989059,240,FALSE,"1","Guro","Guro.1"
"241",126.82092285,37.47631836,241,FALSE,"1","Guro","Guro.1"
"242",126.81799316,37.48233032,242,FALSE,"1","Guro","Guro.1"
"243",126.81889343,37.49234009,243,FALSE,"1","Guro","Guro.1"
"244",126.82022095,37.49859619,244,FALSE,"1","Guro","Guro.1"
"245",126.82629395,37.49511719,245,FALSE,"1","Guro","Guro.1"
"246",126.83239746,37.49438477,246,FALSE,"1","Guro","Guro.1"
"247",126.83868408,37.49829102,247,FALSE,"1","Guro","Guro.1"
"248",126.84527588,37.49987793,248,FALSE,"1","Guro","Guro.1"
"249",126.85250854,37.49511719,249,FALSE,"1","Guro","Guro.1"
"250",126.86415863,37.49827576,250,FALSE,"1","Guro","Guro.1"
"251",126.87268066,37.4967041,251,FALSE,"1","Guro","Guro.1"
"252",126.87649536,37.48919678,252,FALSE,"1","Guro","Guro.1"
"253",126.88105774,37.47653198,253,FALSE,"1","Guro","Guro.1"
"254",126.87524414,37.47388458,254,FALSE,"1","Guro","Guro.1"
"255",126.86766052,37.47381973,255,FALSE,"1","Guro","Guro.1"
"256",126.86094666,37.47257233,256,FALSE,"1","Guro","Guro.1"
"257",126.865242,37.46246719,257,FALSE,"1","Guro","Guro.1"
"258",126.86969757,37.45543289,258,FALSE,"1","Guro","Guro.1"
"259",126.85964203,37.45767975,259,FALSE,"1","Guro","Guro.1"
"260",126.85146332,37.4582634,260,FALSE,"1","Guro","Guro.1"
"261",126.84771729,37.46252441,261,FALSE,"1","Guro","Guro.1"
"262",126.83914948,37.46557617,262,FALSE,"1","Guro","Guro.1"
"263",126.83111572,37.46728516,263,FALSE,"1","Guro","Guro.1"
"264",126.82104492,37.46989059,264,FALSE,"1","Guro","Guro.1"
"265",126.89028931,37.47330475,265,FALSE,"1","Gwanak","Gwanak.1"
"266",126.89752197,37.47607422,266,FALSE,"1","Gwanak","Gwanak.1"
"267",126.90570068,37.47842407,267,FALSE,"1","Gwanak","Gwanak.1"
"268",126.91333008,37.4810791,268,FALSE,"1","Gwanak","Gwanak.1"
"269",126.93499756,37.47970581,269,FALSE,"1","Gwanak","Gwanak.1"
"270",126.94329834,37.4744873,270,FALSE,"1","Gwanak","Gwanak.1"
"271",126.94787598,37.46569824,271,FALSE,"1","Gwanak","Gwanak.1"
"272",126.95617676,37.46170044,272,FALSE,"1","Gwanak","Gwanak.1"
"273",126.96523285,37.46474075,273,FALSE,"1","Gwanak","Gwanak.1"
"274",126.96749878,37.45449829,274,FALSE,"1","Gwanak","Gwanak.1"
"275",126.9708786,37.44564819,275,FALSE,"1","Gwanak","Gwanak.1"
"276",126.96645355,37.44097519,276,FALSE,"1","Gwanak","Gwanak.1"
"277",126.95811462,37.43883896,277,FALSE,"1","Gwanak","Gwanak.1"
"278",126.94807434,37.43654633,278,FALSE,"1","Gwanak","Gwanak.1"
"279",126.93968964,37.43491364,279,FALSE,"1","Gwanak","Gwanak.1"
"280",126.92731476,37.43489838,280,FALSE,"1","Gwanak","Gwanak.1"
"281",126.91884613,37.4352951,281,FALSE,"1","Gwanak","Gwanak.1"
"282",126.91203308,37.43706512,282,FALSE,"1","Gwanak","Gwanak.1"
"283",126.90785217,37.44306564,283,FALSE,"1","Gwanak","Gwanak.1"
"284",126.90105438,37.45004654,284,FALSE,"1","Gwanak","Gwanak.1"
"285",126.89822388,37.46025467,285,FALSE,"1","Gwanak","Gwanak.1"
"286",126.89551544,37.46904373,286,FALSE,"1","Gwanak","Gwanak.1"
"287",126.89028931,37.47330475,287,FALSE,"1","Gwanak","Gwanak.1"
"288",127.07087708,37.5063324,288,FALSE,"1","Gwang-jin","Gwang-jin.1"
"289",127.07274628,37.51514816,289,FALSE,"1","Gwang-jin","Gwang-jin.1"
"290",127.07727814,37.52228546,290,FALSE,"1","Gwang-jin","Gwang-jin.1"
"291",127.08293152,37.5272522,291,FALSE,"1","Gwang-jin","Gwang-jin.1"
"292",127.08656311,37.5341835,292,FALSE,"1","Gwang-jin","Gwang-jin.1"
"293",127.08879089,37.54069901,293,FALSE,"1","Gwang-jin","Gwang-jin.1"
"294",127.09337616,37.54732513,294,FALSE,"1","Gwang-jin","Gwang-jin.1"
"295",127.09993744,37.5496788,295,FALSE,"1","Gwang-jin","Gwang-jin.1"
"296",127.10860443,37.54948425,296,FALSE,"1","Gwang-jin","Gwang-jin.1"
"297",127.11507416,37.55064011,297,FALSE,"1","Gwang-jin","Gwang-jin.1"
"298",127.12341309,37.54969788,298,FALSE,"1","Gwang-jin","Gwang-jin.1"
"299",127.12287903,37.54389572,299,FALSE,"1","Gwang-jin","Gwang-jin.1"
"300",127.12569427,37.53686523,300,FALSE,"1","Gwang-jin","Gwang-jin.1"
"301",127.13057709,37.53364944,301,FALSE,"1","Gwang-jin","Gwang-jin.1"
"302",127.12884521,37.52698135,302,FALSE,"1","Gwang-jin","Gwang-jin.1"
"303",127.12828827,37.51901627,303,FALSE,"1","Gwang-jin","Gwang-jin.1"
"304",127.13059235,37.51376724,304,FALSE,"1","Gwang-jin","Gwang-jin.1"
"305",127.12343597,37.51325607,305,FALSE,"1","Gwang-jin","Gwang-jin.1"
"306",127.11663818,37.50722885,306,FALSE,"1","Gwang-jin","Gwang-jin.1"
"307",127.10897827,37.50163651,307,FALSE,"1","Gwang-jin","Gwang-jin.1"
"308",127.10124207,37.50014877,308,FALSE,"1","Gwang-jin","Gwang-jin.1"
"309",127.09397888,37.50046158,309,FALSE,"1","Gwang-jin","Gwang-jin.1"
"310",127.0786438,37.50276947,310,FALSE,"1","Gwang-jin","Gwang-jin.1"
"311",127.07087708,37.5063324,311,FALSE,"1","Gwang-jin","Gwang-jin.1"
"312",127.03115082,37.55181885,312,FALSE,"1","Jongro","Jongro.1"
"313",127.00919342,37.55289459,313,FALSE,"1","Jongro","Jongro.1"
"314",127.00047302,37.55240631,314,FALSE,"1","Jongro","Jongro.1"
"315",126.98545837,37.55360794,315,FALSE,"1","Jongro","Jongro.1"
"316",126.97757721,37.55530167,316,FALSE,"1","Jongro","Jongro.1"
"317",126.96589661,37.55293274,317,FALSE,"1","Jongro","Jongro.1"
"318",126.95817566,37.55121613,318,FALSE,"1","Jongro","Jongro.1"
"319",126.95349121,37.55617905,319,FALSE,"1","Jongro","Jongro.1"
"320",126.94865417,37.56103897,320,FALSE,"1","Jongro","Jongro.1"
"321",126.95092773,37.568367,321,FALSE,"1","Jongro","Jongro.1"
"322",126.95410919,37.57387543,322,FALSE,"1","Jongro","Jongro.1"
"323",126.95305634,37.58152771,323,FALSE,"1","Jongro","Jongro.1"
"324",126.9469223,37.58641815,324,FALSE,"1","Jongro","Jongro.1"
"325",126.94369507,37.59165955,325,FALSE,"1","Jongro","Jongro.1"
"326",126.94873047,37.60664368,326,FALSE,"1","Jongro","Jongro.1"
"327",126.95223999,37.61150742,327,FALSE,"1","Jongro","Jongro.1"
"328",126.96138,37.61870193,328,FALSE,"1","Jongro","Jongro.1"
"329",126.97174835,37.6172142,329,FALSE,"1","Jongro","Jongro.1"
"330",126.97914124,37.61663818,330,FALSE,"1","Jongro","Jongro.1"
"331",126.9800415,37.61062241,331,FALSE,"1","Jongro","Jongro.1"
"332",126.98368835,37.60228348,332,FALSE,"1","Jongro","Jongro.1"
"333",126.98810577,37.59407043,333,FALSE,"1","Jongro","Jongro.1"
"334",126.98725891,37.58724976,334,FALSE,"1","Jongro","Jongro.1"
"335",126.98110962,37.58207703,335,FALSE,"1","Jongro","Jongro.1"
"336",126.98884583,37.57808304,336,FALSE,"1","Jongro","Jongro.1"
"337",126.99768829,37.57642746,337,FALSE,"1","Jongro","Jongro.1"
"338",127.00388336,37.5731163,338,FALSE,"1","Jongro","Jongro.1"
"339",127.00922394,37.56592941,339,FALSE,"1","Jongro","Jongro.1"
"340",127.0148468,37.56086731,340,FALSE,"1","Jongro","Jongro.1"
"341",127.02429199,37.55949402,341,FALSE,"1","Jongro","Jongro.1"
"342",127.03190613,37.56025314,342,FALSE,"1","Jongro","Jongro.1"
"343",127.03115082,37.55181885,343,FALSE,"1","Jongro","Jongro.1"
"344",127.03115082,37.55181885,344,FALSE,"1","Jung","Jung.1"
"345",127.02874756,37.54597092,345,FALSE,"1","Jung","Jung.1"
"346",127.02340698,37.54046631,346,FALSE,"1","Jung","Jung.1"
"347",127.01576996,37.53500366,347,FALSE,"1","Jung","Jung.1"
"348",127.01059723,37.53068161,348,FALSE,"1","Jung","Jung.1"
"349",127.00124359,37.53326797,349,FALSE,"1","Jung","Jung.1"
"350",126.98822784,37.5352478,350,FALSE,"1","Jung","Jung.1"
"351",126.98287964,37.53783035,351,FALSE,"1","Jung","Jung.1"
"352",126.96792603,37.53808975,352,FALSE,"1","Jung","Jung.1"
"353",126.95943451,37.53791428,353,FALSE,"1","Jung","Jung.1"
"354",126.95326996,37.53821945,354,FALSE,"1","Jung","Jung.1"
"355",126.95069122,37.54677963,355,FALSE,"1","Jung","Jung.1"
"356",126.95817566,37.55121613,356,FALSE,"1","Jung","Jung.1"
"357",126.96589661,37.55293274,357,FALSE,"1","Jung","Jung.1"
"358",126.97757721,37.55530167,358,FALSE,"1","Jung","Jung.1"
"359",126.98545837,37.55360794,359,FALSE,"1","Jung","Jung.1"
"360",127.00047302,37.55240631,360,FALSE,"1","Jung","Jung.1"
"361",127.00919342,37.55289459,361,FALSE,"1","Jung","Jung.1"
"362",127.03115082,37.55181885,362,FALSE,"1","Jung","Jung.1"
"363",127.09337616,37.54732513,363,FALSE,"1","Jungnang","Jungnang.1"
"364",127.09384155,37.55413055,364,FALSE,"1","Jungnang","Jungnang.1"
"365",127.09230042,37.56175613,365,FALSE,"1","Jungnang","Jungnang.1"
"366",127.090271,37.57111359,366,FALSE,"1","Jungnang","Jungnang.1"
"367",127.08695221,37.58161926,367,FALSE,"1","Jungnang","Jungnang.1"
"368",127.0867157,37.59197617,368,FALSE,"1","Jungnang","Jungnang.1"
"369",127.09506989,37.59405136,369,FALSE,"1","Jungnang","Jungnang.1"
"370",127.10191345,37.59614182,370,FALSE,"1","Jungnang","Jungnang.1"
"371",127.11051941,37.59660721,371,FALSE,"1","Jungnang","Jungnang.1"
"372",127.11857605,37.59676743,372,FALSE,"1","Jungnang","Jungnang.1"
"373",127.11641693,37.58682632,373,FALSE,"1","Jungnang","Jungnang.1"
"374",127.11885071,37.57689285,374,FALSE,"1","Jungnang","Jungnang.1"
"375",127.12070465,37.56927872,375,FALSE,"1","Jungnang","Jungnang.1"
"376",127.12270355,37.56305695,376,FALSE,"1","Jungnang","Jungnang.1"
"377",127.12250519,37.55605316,377,FALSE,"1","Jungnang","Jungnang.1"
"378",127.12341309,37.54969788,378,FALSE,"1","Jungnang","Jungnang.1"
"379",127.11507416,37.55064011,379,FALSE,"1","Jungnang","Jungnang.1"
"380",127.10860443,37.54948425,380,FALSE,"1","Jungnang","Jungnang.1"
"381",127.09993744,37.5496788,381,FALSE,"1","Jungnang","Jungnang.1"
"382",127.09337616,37.54732513,382,FALSE,"1","Jungnang","Jungnang.1"
"383",126.95326996,37.53821945,383,FALSE,"1","Mapo","Mapo.1"
"384",126.95007324,37.53131104,384,FALSE,"1","Mapo","Mapo.1"
"385",126.94470215,37.52648926,385,FALSE,"1","Mapo","Mapo.1"
"386",126.94012451,37.52307129,386,FALSE,"1","Mapo","Mapo.1"
"387",126.93408203,37.51971436,387,FALSE,"1","Mapo","Mapo.1"
"388",126.92423248,37.51342773,388,FALSE,"1","Mapo","Mapo.1"
"389",126.91598511,37.51809692,389,FALSE,"1","Mapo","Mapo.1"
"390",126.90692139,37.52148438,390,FALSE,"1","Mapo","Mapo.1"
"391",126.90100098,37.52279663,391,FALSE,"1","Mapo","Mapo.1"
"392",126.8939209,37.52508545,392,FALSE,"1","Mapo","Mapo.1"
"393",126.88787842,37.52667236,393,FALSE,"1","Mapo","Mapo.1"
"394",126.88208008,37.52893066,394,FALSE,"1","Mapo","Mapo.1"
"395",126.87527466,37.53131104,395,FALSE,"1","Mapo","Mapo.1"
"396",126.86810303,37.534729,396,FALSE,"1","Mapo","Mapo.1"
"397",126.86132813,37.53833008,397,FALSE,"1","Mapo","Mapo.1"
"398",126.855896,37.54248047,398,FALSE,"1","Mapo","Mapo.1"
"399",126.84967041,37.54650879,399,FALSE,"1","Mapo","Mapo.1"
"400",126.84631348,37.55133057,400,FALSE,"1","Mapo","Mapo.1"
"401",126.84228516,37.5559082,401,FALSE,"1","Mapo","Mapo.1"
"402",126.84490967,37.56170654,402,FALSE,"1","Mapo","Mapo.1"
"403",126.85107422,37.56848145,403,FALSE,"1","Mapo","Mapo.1"
"404",126.85650635,37.57012939,404,FALSE,"1","Mapo","Mapo.1"
"405",126.86309814,37.56951904,405,FALSE,"1","Mapo","Mapo.1"
"406",126.87211609,37.57256317,406,FALSE,"1","Mapo","Mapo.1"
"407",126.87711334,37.57316208,407,FALSE,"1","Mapo","Mapo.1"
"408",126.88553619,37.56853485,408,FALSE,"1","Mapo","Mapo.1"
"409",126.8914566,37.56330109,409,FALSE,"1","Mapo","Mapo.1"
"410",126.89667511,37.56005859,410,FALSE,"1","Mapo","Mapo.1"
"411",126.9026413,37.55651093,411,FALSE,"1","Mapo","Mapo.1"
"412",126.90910339,37.55269241,412,FALSE,"1","Mapo","Mapo.1"
"413",126.91696167,37.54824448,413,FALSE,"1","Mapo","Mapo.1"
"414",126.92590332,37.54571915,414,FALSE,"1","Mapo","Mapo.1"
"415",126.93400574,37.54523849,415,FALSE,"1","Mapo","Mapo.1"
"416",126.9434433,37.54492188,416,FALSE,"1","Mapo","Mapo.1"
"417",126.95069122,37.54677963,417,FALSE,"1","Mapo","Mapo.1"
"418",126.95326996,37.53821945,418,FALSE,"1","Mapo","Mapo.1"
"419",127.11857605,37.59676743,419,FALSE,"1","Nowon","Nowon.1"
"420",127.11051941,37.59660721,420,FALSE,"1","Nowon","Nowon.1"
"421",127.10191345,37.59614182,421,FALSE,"1","Nowon","Nowon.1"
"422",127.09506989,37.59405136,422,FALSE,"1","Nowon","Nowon.1"
"423",127.0867157,37.59197617,423,FALSE,"1","Nowon","Nowon.1"
"424",127.07629395,37.59368896,424,FALSE,"1","Nowon","Nowon.1"
"425",127.06887817,37.59860229,425,FALSE,"1","Nowon","Nowon.1"
"426",127.06082916,37.60247803,426,FALSE,"1","Nowon","Nowon.1"
"427",127.0559082,37.60968018,427,FALSE,"1","Nowon","Nowon.1"
"428",127.06378174,37.61288452,428,FALSE,"1","Nowon","Nowon.1"
"429",127.06689453,37.6217041,429,FALSE,"1","Nowon","Nowon.1"
"430",127.06750488,37.62768555,430,FALSE,"1","Nowon","Nowon.1"
"431",127.06668091,37.63531494,431,FALSE,"1","Nowon","Nowon.1"
"432",127.06161499,37.6434021,432,FALSE,"1","Nowon","Nowon.1"
"433",127.06170654,37.6540947,433,FALSE,"1","Nowon","Nowon.1"
"434",127.06970215,37.66027832,434,FALSE,"1","Nowon","Nowon.1"
"435",127.08029175,37.65911865,435,FALSE,"1","Nowon","Nowon.1"
"436",127.09189606,37.65525436,436,FALSE,"1","Nowon","Nowon.1"
"437",127.10036469,37.65018463,437,FALSE,"1","Nowon","Nowon.1"
"438",127.10351563,37.63952637,438,FALSE,"1","Nowon","Nowon.1"
"439",127.11297607,37.63278198,439,FALSE,"1","Nowon","Nowon.1"
"440",127.11547852,37.62628174,440,FALSE,"1","Nowon","Nowon.1"
"441",127.11791992,37.62109375,441,FALSE,"1","Nowon","Nowon.1"
"442",127.11932373,37.61279297,442,FALSE,"1","Nowon","Nowon.1"
"443",127.11857605,37.59676743,443,FALSE,"1","Nowon","Nowon.1"
"444",127.09417725,37.42881393,444,FALSE,"1","Seocho","Seocho.1"
"445",127.08807373,37.42431641,445,FALSE,"1","Seocho","Seocho.1"
"446",127.07971191,37.41772461,446,FALSE,"1","Seocho","Seocho.1"
"447",127.07391357,37.41552734,447,FALSE,"1","Seocho","Seocho.1"
"448",127.06072998,37.4152832,448,FALSE,"1","Seocho","Seocho.1"
"449",127.05249023,37.41687012,449,FALSE,"1","Seocho","Seocho.1"
"450",127.04370117,37.42211914,450,FALSE,"1","Seocho","Seocho.1"
"451",127.03869629,37.42950439,451,FALSE,"1","Seocho","Seocho.1"
"452",127.03570557,37.43511963,452,FALSE,"1","Seocho","Seocho.1"
"453",127.03167725,37.44628906,453,FALSE,"1","Seocho","Seocho.1"
"454",127.02078247,37.44851685,454,FALSE,"1","Seocho","Seocho.1"
"455",127.0112915,37.44488525,455,FALSE,"1","Seocho","Seocho.1"
"456",127.00531006,37.4442749,456,FALSE,"1","Seocho","Seocho.1"
"457",126.99908447,37.4442749,457,FALSE,"1","Seocho","Seocho.1"
"458",126.99249268,37.44488525,458,FALSE,"1","Seocho","Seocho.1"
"459",126.98571777,37.44628906,459,FALSE,"1","Seocho","Seocho.1"
"460",126.97967529,37.44628906,460,FALSE,"1","Seocho","Seocho.1"
"461",126.9708786,37.44564819,461,FALSE,"1","Seocho","Seocho.1"
"462",126.96749878,37.45449829,462,FALSE,"1","Seocho","Seocho.1"
"463",126.96523285,37.46474075,463,FALSE,"1","Seocho","Seocho.1"
"464",126.96789551,37.47387695,464,FALSE,"1","Seocho","Seocho.1"
"465",126.97088623,37.4810791,465,FALSE,"1","Seocho","Seocho.1"
"466",126.96728516,37.48828125,466,FALSE,"1","Seocho","Seocho.1"
"467",126.95985413,37.49279404,467,FALSE,"1","Seocho","Seocho.1"
"468",126.96972656,37.49389648,468,FALSE,"1","Seocho","Seocho.1"
"469",126.97668457,37.49468994,469,FALSE,"1","Seocho","Seocho.1"
"470",126.98458862,37.49758911,470,FALSE,"1","Seocho","Seocho.1"
"471",126.9961853,37.5032959,471,FALSE,"1","Seocho","Seocho.1"
"472",127.00927734,37.50751495,472,FALSE,"1","Seocho","Seocho.1"
"473",127.01611328,37.50012207,473,FALSE,"1","Seocho","Seocho.1"
"474",127.01751709,37.49371338,474,FALSE,"1","Seocho","Seocho.1"
"475",127.02261353,37.48727417,475,FALSE,"1","Seocho","Seocho.1"
"476",127.02410889,37.48052979,476,FALSE,"1","Seocho","Seocho.1"
"477",127.02630615,37.47412109,477,FALSE,"1","Seocho","Seocho.1"
"478",127.03381348,37.46929932,478,FALSE,"1","Seocho","Seocho.1"
"479",127.04168701,37.46588135,479,FALSE,"1","Seocho","Seocho.1"
"480",127.04669189,37.45977783,480,FALSE,"1","Seocho","Seocho.1"
"481",127.04827881,37.45129395,481,FALSE,"1","Seocho","Seocho.1"
"482",127.05047607,37.44592285,482,FALSE,"1","Seocho","Seocho.1"
"483",127.05767822,37.44488525,483,FALSE,"1","Seocho","Seocho.1"
"484",127.06408691,37.4453125,484,FALSE,"1","Seocho","Seocho.1"
"485",127.07147217,37.44927979,485,FALSE,"1","Seocho","Seocho.1"
"486",127.08190918,37.44711304,486,FALSE,"1","Seocho","Seocho.1"
"487",127.08630371,37.43768311,487,FALSE,"1","Seocho","Seocho.1"
"488",127.0916748,37.43371582,488,FALSE,"1","Seocho","Seocho.1"
"489",127.09417725,37.42881393,489,FALSE,"1","Seocho","Seocho.1"
"490",126.95069122,37.54677963,490,FALSE,"1","Seodaemun","Seodaemun.1"
"491",126.9434433,37.54492188,491,FALSE,"1","Seodaemun","Seodaemun.1"
"492",126.93400574,37.54523849,492,FALSE,"1","Seodaemun","Seodaemun.1"
"493",126.92590332,37.54571915,493,FALSE,"1","Seodaemun","Seodaemun.1"
"494",126.91696167,37.54824448,494,FALSE,"1","Seodaemun","Seodaemun.1"
"495",126.90910339,37.55269241,495,FALSE,"1","Seodaemun","Seodaemun.1"
"496",126.9026413,37.55651093,496,FALSE,"1","Seodaemun","Seodaemun.1"
"497",126.89667511,37.56005859,497,FALSE,"1","Seodaemun","Seodaemun.1"
"498",126.8914566,37.56330109,498,FALSE,"1","Seodaemun","Seodaemun.1"
"499",126.88553619,37.56853485,499,FALSE,"1","Seodaemun","Seodaemun.1"
"500",126.8899765,37.57265472,500,FALSE,"1","Seodaemun","Seodaemun.1"
"501",126.89474487,37.57577515,501,FALSE,"1","Seodaemun","Seodaemun.1"
"502",126.90596008,37.57628632,502,FALSE,"1","Seodaemun","Seodaemun.1"
"503",126.91387939,37.57671738,503,FALSE,"1","Seodaemun","Seodaemun.1"
"504",126.91847229,37.58029556,504,FALSE,"1","Seodaemun","Seodaemun.1"
"505",126.92546082,37.58267975,505,FALSE,"1","Seodaemun","Seodaemun.1"
"506",126.93167877,37.58566666,506,FALSE,"1","Seodaemun","Seodaemun.1"
"507",126.93707275,37.59031296,507,FALSE,"1","Seodaemun","Seodaemun.1"
"508",126.94369507,37.59165955,508,FALSE,"1","Seodaemun","Seodaemun.1"
"509",126.9469223,37.58641815,509,FALSE,"1","Seodaemun","Seodaemun.1"
"510",126.95305634,37.58152771,510,FALSE,"1","Seodaemun","Seodaemun.1"
"511",126.95410919,37.57387543,511,FALSE,"1","Seodaemun","Seodaemun.1"
"512",126.95092773,37.568367,512,FALSE,"1","Seodaemun","Seodaemun.1"
"513",126.94865417,37.56103897,513,FALSE,"1","Seodaemun","Seodaemun.1"
"514",126.95349121,37.55617905,514,FALSE,"1","Seodaemun","Seodaemun.1"
"515",126.95817566,37.55121613,515,FALSE,"1","Seodaemun","Seodaemun.1"
"516",126.95069122,37.54677963,516,FALSE,"1","Seodaemun","Seodaemun.1"
"517",127.03190613,37.56025314,517,FALSE,"1","Seongbuk","Seongbuk.1"
"518",127.02429199,37.55949402,518,FALSE,"1","Seongbuk","Seongbuk.1"
"519",127.0148468,37.56086731,519,FALSE,"1","Seongbuk","Seongbuk.1"
"520",127.00922394,37.56592941,520,FALSE,"1","Seongbuk","Seongbuk.1"
"521",127.00388336,37.5731163,521,FALSE,"1","Seongbuk","Seongbuk.1"
"522",126.99768829,37.57642746,522,FALSE,"1","Seongbuk","Seongbuk.1"
"523",126.98884583,37.57808304,523,FALSE,"1","Seongbuk","Seongbuk.1"
"524",126.98110962,37.58207703,524,FALSE,"1","Seongbuk","Seongbuk.1"
"525",126.98725891,37.58724976,525,FALSE,"1","Seongbuk","Seongbuk.1"
"526",126.98810577,37.59407043,526,FALSE,"1","Seongbuk","Seongbuk.1"
"527",126.98368835,37.60228348,527,FALSE,"1","Seongbuk","Seongbuk.1"
"528",126.9800415,37.61062241,528,FALSE,"1","Seongbuk","Seongbuk.1"
"529",126.97914124,37.61663818,529,FALSE,"1","Seongbuk","Seongbuk.1"
"530",126.98610687,37.61923981,530,FALSE,"1","Seongbuk","Seongbuk.1"
"531",126.99353027,37.6149292,531,FALSE,"1","Seongbuk","Seongbuk.1"
"532",126.99969482,37.6126709,532,FALSE,"1","Seongbuk","Seongbuk.1"
"533",127.00628662,37.60931396,533,FALSE,"1","Seongbuk","Seongbuk.1"
"534",127.01498413,37.60418701,534,FALSE,"1","Seongbuk","Seongbuk.1"
"535",127.01947021,37.59667969,535,FALSE,"1","Seongbuk","Seongbuk.1"
"536",127.02368164,37.5925293,536,FALSE,"1","Seongbuk","Seongbuk.1"
"537",127.04907227,37.5916748,537,FALSE,"1","Seongbuk","Seongbuk.1"
"538",127.05450439,37.59490967,538,FALSE,"1","Seongbuk","Seongbuk.1"
"539",127.06082916,37.60247803,539,FALSE,"1","Seongbuk","Seongbuk.1"
"540",127.06887817,37.59860229,540,FALSE,"1","Seongbuk","Seongbuk.1"
"541",127.07629395,37.59368896,541,FALSE,"1","Seongbuk","Seongbuk.1"
"542",127.0867157,37.59197617,542,FALSE,"1","Seongbuk","Seongbuk.1"
"543",127.08695221,37.58161926,543,FALSE,"1","Seongbuk","Seongbuk.1"
"544",127.07831573,37.58230209,544,FALSE,"1","Seongbuk","Seongbuk.1"
"545",127.07067108,37.58140182,545,FALSE,"1","Seongbuk","Seongbuk.1"
"546",127.05947876,37.57740402,546,FALSE,"1","Seongbuk","Seongbuk.1"
"547",127.05250549,37.57183456,547,FALSE,"1","Seongbuk","Seongbuk.1"
"548",127.04498291,37.56919098,548,FALSE,"1","Seongbuk","Seongbuk.1"
"549",127.03765106,37.56622314,549,FALSE,"1","Seongbuk","Seongbuk.1"
"550",127.03190613,37.56025314,550,FALSE,"1","Seongbuk","Seongbuk.1"
"551",127.07087708,37.5063324,551,FALSE,"1","Seongdong","Seongdong.1"
"552",127.06153107,37.50791168,552,FALSE,"1","Seongdong","Seongdong.1"
"553",127.0555191,37.51023865,553,FALSE,"1","Seongdong","Seongdong.1"
"554",127.04931641,37.51232147,554,FALSE,"1","Seongdong","Seongdong.1"
"555",127.04209137,37.51390457,555,FALSE,"1","Seongdong","Seongdong.1"
"556",127.03257751,37.51455688,556,FALSE,"1","Seongdong","Seongdong.1"
"557",127.01969147,37.51408768,557,FALSE,"1","Seongdong","Seongdong.1"
"558",127.01383972,37.52347183,558,FALSE,"1","Seongdong","Seongdong.1"
"559",127.01059723,37.53068161,559,FALSE,"1","Seongdong","Seongdong.1"
"560",127.01576996,37.53500366,560,FALSE,"1","Seongdong","Seongdong.1"
"561",127.02340698,37.54046631,561,FALSE,"1","Seongdong","Seongdong.1"
"562",127.02874756,37.54597092,562,FALSE,"1","Seongdong","Seongdong.1"
"563",127.03115082,37.55181885,563,FALSE,"1","Seongdong","Seongdong.1"
"564",127.04108429,37.55099487,564,FALSE,"1","Seongdong","Seongdong.1"
"565",127.04966736,37.55158234,565,FALSE,"1","Seongdong","Seongdong.1"
"566",127.0593338,37.54821777,566,FALSE,"1","Seongdong","Seongdong.1"
"567",127.07022095,37.54376221,567,FALSE,"1","Seongdong","Seongdong.1"
"568",127.08008575,37.54149628,568,FALSE,"1","Seongdong","Seongdong.1"
"569",127.08879089,37.54069901,569,FALSE,"1","Seongdong","Seongdong.1"
"570",127.08656311,37.5341835,570,FALSE,"1","Seongdong","Seongdong.1"
"571",127.08293152,37.5272522,571,FALSE,"1","Seongdong","Seongdong.1"
"572",127.07727814,37.52228546,572,FALSE,"1","Seongdong","Seongdong.1"
"573",127.07274628,37.51514816,573,FALSE,"1","Seongdong","Seongdong.1"
"574",127.07087708,37.5063324,574,FALSE,"1","Seongdong","Seongdong.1"
"575",127.12974548,37.43190384,575,FALSE,"1","Songpa","Songpa.1"
"576",127.12480927,37.43700409,576,FALSE,"1","Songpa","Songpa.1"
"577",127.12030792,37.44124985,577,FALSE,"1","Songpa","Songpa.1"
"578",127.11627197,37.44669342,578,FALSE,"1","Songpa","Songpa.1"
"579",127.11309052,37.45507431,579,FALSE,"1","Songpa","Songpa.1"
"580",127.10595703,37.46375656,580,FALSE,"1","Songpa","Songpa.1"
"581",127.09812927,37.47008896,581,FALSE,"1","Songpa","Songpa.1"
"582",127.09203339,37.47288132,582,FALSE,"1","Songpa","Songpa.1"
"583",127.08708954,37.4764595,583,FALSE,"1","Songpa","Songpa.1"
"584",127.08169556,37.48106766,584,FALSE,"1","Songpa","Songpa.1"
"585",127.07785797,37.48666382,585,FALSE,"1","Songpa","Songpa.1"
"586",127.0786438,37.50276947,586,FALSE,"1","Songpa","Songpa.1"
"587",127.09397888,37.50046158,587,FALSE,"1","Songpa","Songpa.1"
"588",127.10124207,37.50014877,588,FALSE,"1","Songpa","Songpa.1"
"589",127.10897827,37.50163651,589,FALSE,"1","Songpa","Songpa.1"
"590",127.11663818,37.50722885,590,FALSE,"1","Songpa","Songpa.1"
"591",127.12343597,37.51325607,591,FALSE,"1","Songpa","Songpa.1"
"592",127.13059235,37.51376724,592,FALSE,"1","Songpa","Songpa.1"
"593",127.12998199,37.50387955,593,FALSE,"1","Songpa","Songpa.1"
"594",127.13349152,37.49271393,594,FALSE,"1","Songpa","Songpa.1"
"595",127.13944244,37.48714828,595,FALSE,"1","Songpa","Songpa.1"
"596",127.1437149,37.48347855,596,FALSE,"1","Songpa","Songpa.1"
"597",127.1494751,37.47991943,597,FALSE,"1","Songpa","Songpa.1"
"598",127.15332031,37.47192383,598,FALSE,"1","Songpa","Songpa.1"
"599",127.15402985,37.46308899,599,FALSE,"1","Songpa","Songpa.1"
"600",127.15613556,37.4562645,600,FALSE,"1","Songpa","Songpa.1"
"601",127.15127563,37.44921875,601,FALSE,"1","Songpa","Songpa.1"
"602",127.146492,37.44301224,602,FALSE,"1","Songpa","Songpa.1"
"603",127.13748169,37.4344101,603,FALSE,"1","Songpa","Songpa.1"
"604",127.12974548,37.43190384,604,FALSE,"1","Songpa","Songpa.1"
"605",126.8626709,37.53271484,605,FALSE,"1","Yangcheon","Yangcheon.1"
"606",126.86688232,37.52630615,606,FALSE,"1","Yangcheon","Yangcheon.1"
"607",126.86828613,37.51812744,607,FALSE,"1","Yangcheon","Yangcheon.1"
"608",126.86380005,37.51028442,608,FALSE,"1","Yangcheon","Yangcheon.1"
"609",126.86415863,37.49827576,609,FALSE,"1","Yangcheon","Yangcheon.1"
"610",126.85250854,37.49511719,610,FALSE,"1","Yangcheon","Yangcheon.1"
"611",126.84527588,37.49987793,611,FALSE,"1","Yangcheon","Yangcheon.1"
"612",126.83868408,37.49829102,612,FALSE,"1","Yangcheon","Yangcheon.1"
"613",126.83239746,37.49438477,613,FALSE,"1","Yangcheon","Yangcheon.1"
"614",126.82629395,37.49511719,614,FALSE,"1","Yangcheon","Yangcheon.1"
"615",126.82022095,37.49859619,615,FALSE,"1","Yangcheon","Yangcheon.1"
"616",126.82373047,37.50708008,616,FALSE,"1","Yangcheon","Yangcheon.1"
"617",126.81912231,37.5138855,617,FALSE,"1","Yangcheon","Yangcheon.1"
"618",126.81529999,37.51999664,618,FALSE,"1","Yangcheon","Yangcheon.1"
"619",126.82620239,37.52108765,619,FALSE,"1","Yangcheon","Yangcheon.1"
"620",126.83209229,37.51611328,620,FALSE,"1","Yangcheon","Yangcheon.1"
"621",126.83831787,37.51550293,621,FALSE,"1","Yangcheon","Yangcheon.1"
"622",126.84588623,37.51831055,622,FALSE,"1","Yangcheon","Yangcheon.1"
"623",126.84997559,37.52560425,623,FALSE,"1","Yangcheon","Yangcheon.1"
"624",126.85379028,37.53317261,624,FALSE,"1","Yangcheon","Yangcheon.1"
"625",126.8626709,37.53271484,625,FALSE,"1","Yangcheon","Yangcheon.1"
"626",126.86415863,37.49827576,626,FALSE,"1","Yeongdeungpo","Yeongdeungpo.1"
"627",126.86380005,37.51028442,627,FALSE,"1","Yeongdeungpo","Yeongdeungpo.1"
"628",126.86828613,37.51812744,628,FALSE,"1","Yeongdeungpo","Yeongdeungpo.1"
"629",126.86688232,37.52630615,629,FALSE,"1","Yeongdeungpo","Yeongdeungpo.1"
"630",126.8626709,37.53271484,630,FALSE,"1","Yeongdeungpo","Yeongdeungpo.1"
"631",126.86132813,37.53833008,631,FALSE,"1","Yeongdeungpo","Yeongdeungpo.1"
"632",126.86810303,37.534729,632,FALSE,"1","Yeongdeungpo","Yeongdeungpo.1"
"633",126.87527466,37.53131104,633,FALSE,"1","Yeongdeungpo","Yeongdeungpo.1"
"634",126.88208008,37.52893066,634,FALSE,"1","Yeongdeungpo","Yeongdeungpo.1"
"635",126.88787842,37.52667236,635,FALSE,"1","Yeongdeungpo","Yeongdeungpo.1"
"636",126.8939209,37.52508545,636,FALSE,"1","Yeongdeungpo","Yeongdeungpo.1"
"637",126.90100098,37.52279663,637,FALSE,"1","Yeongdeungpo","Yeongdeungpo.1"
"638",126.90692139,37.52148438,638,FALSE,"1","Yeongdeungpo","Yeongdeungpo.1"
"639",126.91598511,37.51809692,639,FALSE,"1","Yeongdeungpo","Yeongdeungpo.1"
"640",126.92423248,37.51342773,640,FALSE,"1","Yeongdeungpo","Yeongdeungpo.1"
"641",126.92917633,37.50697708,641,FALSE,"1","Yeongdeungpo","Yeongdeungpo.1"
"642",126.91711426,37.50598145,642,FALSE,"1","Yeongdeungpo","Yeongdeungpo.1"
"643",126.91070557,37.50231934,643,FALSE,"1","Yeongdeungpo","Yeongdeungpo.1"
"644",126.90612793,37.49627686,644,FALSE,"1","Yeongdeungpo","Yeongdeungpo.1"
"645",126.90307617,37.48529053,645,FALSE,"1","Yeongdeungpo","Yeongdeungpo.1"
"646",126.89752197,37.4821167,646,FALSE,"1","Yeongdeungpo","Yeongdeungpo.1"
"647",126.89129639,37.47930908,647,FALSE,"1","Yeongdeungpo","Yeongdeungpo.1"
"648",126.89028931,37.47330475,648,FALSE,"1","Yeongdeungpo","Yeongdeungpo.1"
"649",126.88105774,37.47653198,649,FALSE,"1","Yeongdeungpo","Yeongdeungpo.1"
"650",126.87649536,37.48919678,650,FALSE,"1","Yeongdeungpo","Yeongdeungpo.1"
"651",126.87268066,37.4967041,651,FALSE,"1","Yeongdeungpo","Yeongdeungpo.1"
"652",126.86415863,37.49827576,652,FALSE,"1","Yeongdeungpo","Yeongdeungpo.1"
"653",126.92423248,37.51342773,653,FALSE,"1","Yongsan","Yongsan.1"
"654",126.93408203,37.51971436,654,FALSE,"1","Yongsan","Yongsan.1"
"655",126.94012451,37.52307129,655,FALSE,"1","Yongsan","Yongsan.1"
"656",126.94470215,37.52648926,656,FALSE,"1","Yongsan","Yongsan.1"
"657",126.95007324,37.53131104,657,FALSE,"1","Yongsan","Yongsan.1"
"658",126.95326996,37.53821945,658,FALSE,"1","Yongsan","Yongsan.1"
"659",126.95943451,37.53791428,659,FALSE,"1","Yongsan","Yongsan.1"
"660",126.96792603,37.53808975,660,FALSE,"1","Yongsan","Yongsan.1"
"661",126.98287964,37.53783035,661,FALSE,"1","Yongsan","Yongsan.1"
"662",126.98822784,37.5352478,662,FALSE,"1","Yongsan","Yongsan.1"
"663",127.00124359,37.53326797,663,FALSE,"1","Yongsan","Yongsan.1"
"664",127.01059723,37.53068161,664,FALSE,"1","Yongsan","Yongsan.1"
"665",127.01383972,37.52347183,665,FALSE,"1","Yongsan","Yongsan.1"
"666",127.01969147,37.51408768,666,FALSE,"1","Yongsan","Yongsan.1"
"667",127.00927734,37.50751495,667,FALSE,"1","Yongsan","Yongsan.1"
"668",126.9961853,37.5032959,668,FALSE,"1","Yongsan","Yongsan.1"
"669",126.98458862,37.49758911,669,FALSE,"1","Yongsan","Yongsan.1"
"670",126.97668457,37.49468994,670,FALSE,"1","Yongsan","Yongsan.1"
"671",126.96972656,37.49389648,671,FALSE,"1","Yongsan","Yongsan.1"
"672",126.95985413,37.49279404,672,FALSE,"1","Yongsan","Yongsan.1"
"673",126.95147705,37.49511719,673,FALSE,"1","Yongsan","Yongsan.1"
"674",126.94348145,37.49932861,674,FALSE,"1","Yongsan","Yongsan.1"
"675",126.93609619,37.50488281,675,FALSE,"1","Yongsan","Yongsan.1"
"676",126.92917633,37.50697708,676,FALSE,"1","Yongsan","Yongsan.1"
"677",126.92423248,37.51342773,677,FALSE,"1","Yongsan","Yongsan.1"
